{
  "annotations": {
    "list": [
      {
        "builtIn": 1,
        "datasource": "-- Grafana --",
        "enable": true,
        "hide": true,
        "iconColor": "rgba(0, 211, 255, 1)",
        "name": "Annotations & Alerts",
        "type": "dashboard"
      }
    ]
  },
  "editable": true,
  "gnetId": null,
  "graphTooltip": 0,
  "id": 9,
  "links": [],
  "panels": [
    {
      "cacheTimeout": null,
      "datasource": "InfluxDB",
      "gridPos": {
        "h": 9,
        "w": 24,
        "x": 0,
        "y": 0
      },
      "id": 2,
      "links": [],
      "options": {
        "fieldOptions": {
          "calcs": [
            "mean"
          ],
          "defaults": {
            "max": 1000,
            "min": 0,
            "title": "MTTR",
            "unit": "m"
          },
          "mappings": [],
          "override": {},
          "thresholds": [
            {
              "color": "green",
              "index": 0,
              "value": null
            },
            {
              "color": "red",
              "index": 1,
              "value": 900
            }
          ],
          "values": false
        },
        "orientation": "auto",
        "showThresholdLabels": false,
        "showThresholdMarkers": true
      },
      "pluginVersion": "6.2.5",
      "targets": [
        {
          "groupBy": [
            {
              "params": [
                "$__interval"
              ],
              "type": "time"
            },
            {
              "params": [
                "null"
              ],
              "type": "fill"
            }
          ],
          "hide": false,
          "measurement": "mtbf",
          "orderByTime": "ASC",
          "policy": "autogen",
          "query": "SELECT sum(\"value\") / count(\"value\") FROM \"mtbf\" WHERE (\"app_name\" = 'app-ex') AND $timeFilter",
          "rawQuery": true,
          "refId": "A",
          "resultFormat": "time_series",
          "select": [
            [
              {
                "params": [
                  "value"
                ],
                "type": "field"
              },
              {
                "params": [],
                "type": "count"
              }
            ]
          ],
          "tags": []
        }
      ],
      "timeFrom": null,
      "timeShift": null,
      "title": "MTTR",
      "type": "gauge"
    }
  ],
  "schemaVersion": 18,
  "style": "dark",
  "tags": [],
  "templating": {
    "list": []
  },
  "time": {
    "from": "now-6h",
    "to": "now"
  },
  "timepicker": {
    "refresh_intervals": [
      "5s",
      "10s",
      "30s",
      "1m",
      "5m",
      "15m",
      "30m",
      "1h",
      "2h",
      "1d"
    ],
    "time_options": [
      "5m",
      "15m",
      "1h",
      "6h",
      "12h",
      "24h",
      "2d",
      "7d",
      "30d"
    ]
  },
  "timezone": "",
  "title": "Chapter 4",
  "uid": "MxC0cVNGk",
  "version": 9
}