{
  "annotations": {
    "list": [
      {
        "builtIn": 1,
        "datasource": "-- Grafana --",
        "enable": true,
        "hide": true,
        "iconColor": "rgba(0, 211, 255, 1)",
        "name": "Annotations & Alerts",
        "type": "dashboard"
      }
    ]
  },
  "editable": true,
  "gnetId": null,
  "graphTooltip": 0,
  "id": 1,
  "links": [],
  "panels": [
    {
      "cacheTimeout": null,
      "colorBackground": true,
      "colorPrefix": false,
      "colorValue": false,
      "colors": [
        "#56A64B",
        "#37872D",
        "#73BF69"
      ],
      "format": "s",
      "gauge": {
        "maxValue": 100,
        "minValue": 0,
        "show": false,
        "thresholdLabels": false,
        "thresholdMarkers": true
      },
      "gridPos": {
        "h": 6,
        "w": 5,
        "x": 0,
        "y": 0
      },
      "id": 6,
      "interval": null,
      "links": [],
      "mappingType": 1,
      "mappingTypes": [
        {
          "name": "value to text",
          "value": 1
        },
        {
          "name": "range to text",
          "value": 2
        }
      ],
      "maxDataPoints": 100,
      "nullPointMode": "connected",
      "nullText": null,
      "options": {},
      "pluginVersion": "6.2.5",
      "postfix": "",
      "postfixFontSize": "50%",
      "prefix": "",
      "prefixFontSize": "50%",
      "rangeMaps": [
        {
          "from": "null",
          "text": "N/A",
          "to": "null"
        }
      ],
      "sparkline": {
        "fillColor": "rgba(31, 118, 189, 0.18)",
        "full": false,
        "lineColor": "rgb(31, 120, 193)",
        "show": false
      },
      "tableColumn": "",
      "targets": [
        {
          "expr": "probe_dns_lookup_time_seconds{instance=\"http://app-ex:3000/healthcheck\",job=\"blackbox\"}",
          "format": "time_series",
          "intervalFactor": 1,
          "refId": "A"
        }
      ],
      "thresholds": "0,1",
      "timeFrom": null,
      "timeShift": null,
      "title": "DNS lookup Time",
      "type": "singlestat",
      "valueFontSize": "80%",
      "valueMaps": [
        {
          "op": "=",
          "text": "N/A",
          "value": "null"
        }
      ],
      "valueName": "avg"
    },
    {
      "aliasColors": {},
      "bars": false,
      "dashLength": 10,
      "dashes": false,
      "fill": 1,
      "gridPos": {
        "h": 12,
        "w": 19,
        "x": 5,
        "y": 0
      },
      "id": 2,
      "legend": {
        "avg": false,
        "current": false,
        "max": false,
        "min": false,
        "show": true,
        "total": false,
        "values": false
      },
      "lines": true,
      "linewidth": 1,
      "links": [],
      "nullPointMode": "null",
      "options": {},
      "percentage": false,
      "pointradius": 2,
      "points": false,
      "renderer": "flot",
      "seriesOverrides": [],
      "spaceLength": 10,
      "stack": false,
      "steppedLine": false,
      "targets": [
        {
          "expr": "probe_http_duration_seconds{instance=\"http://app-ex:3000/healthcheck\",job=\"blackbox\",phase=\"connect\"}\n",
          "format": "time_series",
          "intervalFactor": 1,
          "refId": "A"
        },
        {
          "expr": "probe_http_duration_seconds{instance=\"http://app-ex:3000/healthcheck\",job=\"blackbox\",phase=\"resolve\"}",
          "format": "time_series",
          "intervalFactor": 1,
          "refId": "B"
        },
        {
          "expr": "probe_http_duration_seconds{instance=\"http://app-ex:3000/healthcheck\",job=\"blackbox\",phase=\"processing\"}",
          "format": "time_series",
          "intervalFactor": 1,
          "refId": "C"
        },
        {
          "expr": "probe_http_duration_seconds{instance=\"http://app-ex:3000/healthcheck\",job=\"blackbox\",phase=\"tls\"}",
          "format": "time_series",
          "intervalFactor": 1,
          "refId": "D"
        },
        {
          "expr": "probe_http_duration_seconds{instance=\"http://app-ex:3000/healthcheck\",job=\"blackbox\",phase=\"transfer\"}",
          "format": "time_series",
          "intervalFactor": 1,
          "refId": "E"
        }
      ],
      "thresholds": [],
      "timeFrom": null,
      "timeRegions": [],
      "timeShift": null,
      "title": "Performance Duration",
      "tooltip": {
        "shared": true,
        "sort": 0,
        "value_type": "individual"
      },
      "type": "graph",
      "xaxis": {
        "buckets": null,
        "mode": "time",
        "name": null,
        "show": true,
        "values": []
      },
      "yaxes": [
        {
          "format": "short",
          "label": null,
          "logBase": 1,
          "max": null,
          "min": null,
          "show": true
        },
        {
          "format": "short",
          "label": null,
          "logBase": 1,
          "max": null,
          "min": null,
          "show": true
        }
      ],
      "yaxis": {
        "align": false,
        "alignLevel": null
      }
    },
    {
      "cacheTimeout": null,
      "colorBackground": true,
      "colorPrefix": false,
      "colorValue": false,
      "colors": [
        "#96D98D",
        "#73BF69",
        "#37872D"
      ],
      "description": "",
      "format": "none",
      "gauge": {
        "maxValue": 100,
        "minValue": 0,
        "show": false,
        "thresholdLabels": false,
        "thresholdMarkers": true
      },
      "gridPos": {
        "h": 6,
        "w": 5,
        "x": 0,
        "y": 6
      },
      "id": 4,
      "interval": null,
      "links": [],
      "mappingType": 1,
      "mappingTypes": [
        {
          "name": "value to text",
          "value": 1
        },
        {
          "name": "range to text",
          "value": 2
        }
      ],
      "maxDataPoints": 100,
      "nullPointMode": "connected",
      "nullText": null,
      "options": {},
      "pluginVersion": "6.2.5",
      "postfix": "",
      "postfixFontSize": "50%",
      "prefix": "",
      "prefixFontSize": "50%",
      "rangeMaps": [
        {
          "from": "null",
          "text": "N/A",
          "to": "null"
        }
      ],
      "sparkline": {
        "fillColor": "rgba(31, 118, 189, 0.18)",
        "full": false,
        "lineColor": "rgb(31, 120, 193)",
        "show": false
      },
      "tableColumn": "",
      "targets": [
        {
          "expr": "probe_success{instance=\"http://app-ex:3000/healthcheck\",job=\"blackbox\"}",
          "format": "time_series",
          "intervalFactor": 1,
          "refId": "A"
        }
      ],
      "thresholds": "0,1",
      "timeFrom": null,
      "timeShift": null,
      "title": "Status",
      "transparent": true,
      "type": "singlestat",
      "valueFontSize": "80%",
      "valueMaps": [
        {
          "op": "=",
          "text": "UP",
          "value": "1"
        },
        {
          "op": "=",
          "text": "Down",
          "value": "0"
        }
      ],
      "valueName": "current"
    },
    {
      "cacheTimeout": null,
      "gridPos": {
        "h": 7,
        "w": 9,
        "x": 0,
        "y": 12
      },
      "id": 8,
      "links": [],
      "options": {
        "fieldOptions": {
          "calcs": [
            "mean"
          ],
          "defaults": {
            "max": 100,
            "min": 0
          },
          "mappings": [],
          "override": {},
          "thresholds": [
            {
              "color": "green",
              "index": 0,
              "value": null
            },
            {
              "color": "red",
              "index": 1,
              "value": 80
            }
          ],
          "values": false
        },
        "orientation": "auto",
        "showThresholdLabels": false,
        "showThresholdMarkers": true
      },
      "pluginVersion": "6.2.5",
      "targets": [
        {
          "expr": "process_cpu_seconds_total{instance=\"localhost:9090\",job=\"prometheus\"}",
          "format": "time_series",
          "intervalFactor": 1,
          "refId": "A"
        }
      ],
      "timeFrom": null,
      "timeShift": null,
      "title": "CPU Usage",
      "type": "gauge"
    },
    {
      "gridPos": {
        "h": 7,
        "w": 7,
        "x": 9,
        "y": 12
      },
      "id": 10,
      "links": [],
      "options": {
        "fieldOptions": {
          "calcs": [
            "mean"
          ],
          "defaults": {
            "max": 100,
            "min": 0
          },
          "mappings": [],
          "override": {},
          "thresholds": [
            {
              "color": "green",
              "index": 0,
              "value": null
            },
            {
              "color": "red",
              "index": 1,
              "value": 80
            }
          ],
          "values": false
        },
        "orientation": "auto",
        "showThresholdLabels": false,
        "showThresholdMarkers": true
      },
      "pluginVersion": "6.2.5",
      "targets": [
        {
          "expr": "count(process_cpu_seconds_total)",
          "format": "time_series",
          "intervalFactor": 1,
          "refId": "A"
        }
      ],
      "timeFrom": null,
      "timeShift": null,
      "title": "CPU Count",
      "type": "gauge"
    }
  ],
  "schemaVersion": 18,
  "style": "dark",
  "tags": [],
  "templating": {
    "list": []
  },
  "time": {
    "from": "now-6h",
    "to": "now"
  },
  "timepicker": {
    "refresh_intervals": [
      "5s",
      "10s",
      "30s",
      "1m",
      "5m",
      "15m",
      "30m",
      "1h",
      "2h",
      "1d"
    ],
    "time_options": [
      "5m",
      "15m",
      "1h",
      "6h",
      "12h",
      "24h",
      "2d",
      "7d",
      "30d"
    ]
  },
  "timezone": "",
  "title": "HPPT requests",
  "uid": "lmZkrdHMz",
  "version": 22
}